0.725,0.335,,/Users/lordvile/Documents/Music/Songs/Amy Winehouse - Back To Black.m4a,,,,,,,,,
0.722,0.674,,/Users/lordvile/Documents/Music/Songs/Sultan + Shepard feat. Nadia Ali & IRO - Almost Home.m4a,,,,,,,,,
0.588,0.326,,/Users/lordvile/Documents/Music/Songs/Culture Code - Feel Again (feat. Harley Bird).m4a,,,,,,,,,
0.661,0.506,,/Users/lordvile/Documents/Music/Songs/Kygo - Stranger Things (Audio) ft. OneRepublic.m4a,,,,,,,,,
0.473,0.34,,/Users/lordvile/Documents/Music/Songs/Lukas Graham - 7 Years [OFFICIAL MUSIC VIDEO].m4a,,,,,,,,,
0.68,0.319,,/Users/lordvile/Documents/Music/Songs/benny blanco,,,,,,,,,
0.561,0.377,,/Users/lordvile/Documents/Music/Songs/Four Walls (The Ballad of Perry S.m4a,,,,,,,,,
0.74,0.219,,/Users/lordvile/Documents/Music/Songs/Cheat Codes,,,,,,,,,
0.627,0.193,,/Users/lordvile/Documents/Music/Songs/Be Together (feat. Wild Belle).m4a,,,,,,,,,
0.775,0.595,,/Users/lordvile/Documents/Music/Songs/Andy Grammer - Honey,,,,,,,,,
0.52,0.13,,/Users/lordvile/Documents/Music/Songs/Martin Garrix & David Guetta - So Far Away (feat. Jamie Scott & Romy Dya) (Official Video).m4a,,,,,,,,,
0.928,0.207,,/Users/lordvile/Documents/Music/Songs/Fedde Le Grand - 'Put Your Hands Up For Detroit' (Official Video).m4a,,,,,,,,,
0.751,0.568,,/Users/lordvile/Documents/Music/Songs/Nick Jonas,,,,,,,,,
0.915,0.703,,/Users/lordvile/Documents/Music/Songs/Karen Ramirez - Looking For Love (1998).m4a,,,,,,,,,
0.887,0.405,,/Users/lordvile/Documents/Music/Songs/KUURO - Take Me Down (feat. Bianca) [Monstercat Release].m4a,,,,,,,,,
0.505,0.419,,/Users/lordvile/Documents/Music/Songs/Lauv - I Like Me Better [Official Video].m4a,,,,,,,,,
0.726,0.908,,/Users/lordvile/Documents/Music/Songs/Take That - Could It Be Magic.m4a,,,,,,,,,
0.871,0.351,,/Users/lordvile/Documents/Music/Songs/Feenixpawl - Neon Sky (feat. Mikayla).m4a,,,,,,,,,
0.593,0.747,,/Users/lordvile/Documents/Music/Songs/Tritonal - Love U Right (feat. Lourdiz) [Lyric Video].m4a,,,,,,,,,
0.715,0.618,,/Users/lordvile/Documents/Music/Songs/blackbear - Anxiety (feat. FRND) (w  Lyrics).m4a,,,,,,,,,
0.851,0.4,,/Users/lordvile/Documents/Music/Songs/Jess Glynne - I'll Be There [Official Video].m4a,,,,,,,,,
0.513,0.157,,/Users/lordvile/Documents/Music/Songs/Mr FijiWiji,,,,,,,,,
0.407,0.456,,/Users/lordvile/Documents/Music/Songs/Harry Styles - Two Ghosts (Audio).m4a,,,,,,,,,
0.48,0.137,,/Users/lordvile/Documents/Music/Songs/Tim McGraw - Humble And Kind (Official Video).m4a,,,,,,,,,
0.568,0.438,,/Users/lordvile/Documents/Music/Songs/Running With the Wolves (Pablo No.m4a,,,,,,,,,
0.931,0.354,,/Users/lordvile/Documents/Music/Songs/Elephante - The In Between (ft. Anjulie).m4a,,,,,,,,,
0.546,0.125,,/Users/lordvile/Documents/Music/Songs/Above & Beyond feat. Richard Bedford - Northern Soul (Lyric Video).m4a,,,,,,,,,
0.801,0.534,,/Users/lordvile/Documents/Music/Songs/Starship - Nothing's Gonna Stop Us Now.m4a,,,,,,,,,
0.862,0.592,,/Users/lordvile/Documents/Music/Songs/Calvin Harris,,,,,,,,,
0.664,0.626,,/Users/lordvile/Documents/Music/Songs/Iggy Azalea - Savior ft. Quavo.m4a,,,,,,,,,
0.615,0.377,,/Users/lordvile/Documents/Music/Songs/Midnight Kids - Find Our Way (Lyrics) feat. klei.m4a,,,,,,,,,
0.151,0.214,,/Users/lordvile/Documents/Music/Songs/A Taste Of Honey - Boogie Oogie Oogie (Slayd5000).m4a,,,,,,,,,
0.726,0.362,,/Users/lordvile/Documents/Music/Songs/David Guetta & Sia - Flames (Official Video).m4a,,,,,,,,,
0.491,0.64,,/Users/lordvile/Documents/Music/Songs/Whethan - Superlove (ft. Oh Wonder) (lyrics).m4a,,,,,,,,,
0.708,0.742,,/Users/lordvile/Documents/Music/Songs/Hailee Steinfeld,,,,,,,,,
0.887,0.405,,/Users/lordvile/Documents/Music/Songs/KUURO - Take Me Down (feat. Bianca) [Monstercat Release] (2).m4a,,,,,,,,,
0.715,0.263,,/Users/lordvile/Documents/Music/Songs/The Phantoms - This is a War.m4a,,,,,,,,,
0.736,0.612,,/Users/lordvile/Documents/Music/Songs/Side To Side (feat. Nicki Minaj).m4a,,,,,,,,,
0.59,0.265,,/Users/lordvile/Documents/Music/Songs/Rudy Mancuso & Maia Mitchell - Magic (Official Music Video).m4a,,,,,,,,,
0.878,0.854,,/Users/lordvile/Documents/Music/Songs/Gloria Trevi - Me Lloras ft. Charly Black.m4a,,,,,,,,,
0.21,0.28,,/Users/lordvile/Documents/Music/Songs/Neil Diamond - If You Go Away.mp3,,,,,,,,,
0.78,0.501,,/Users/lordvile/Documents/Music/Songs/Dark Side Of Your Room.mp3,,,,,,,,,
0.53,0.159,,/Users/lordvile/Documents/Music/Songs/Ellie Goulding - Still Falling For You - Various.mp3,,,,,,,,,
0.9,0.61,,/Users/lordvile/Documents/Music/Songs/Jack's Mannequin - My Racing Thoughts (Official Video).mp3,,,,,,,,,
0.904,0.75,,/Users/lordvile/Documents/Music/Songs/Dr. Kucho! & Gregor Salto ft. Ane Brun - Can't Stop Playing (Makes Me High) [Oliver Heldens Remix].mp3,,,,,,,,,
0.774,0.522,,/Users/lordvile/Documents/Music/Songs/Rixton_-_Me_and_My_Broken_Heart[GreenMP3.com].mp3,,,,,,,,,
0.571,0.801,,/Users/lordvile/Documents/Music/Songs/Justin Bieber - What Do You Mean.mp3,,,,,,,,,
0.845,0.638,,/Users/lordvile/Documents/Music/Songs/Olly Murs - Up (Feat. Demi Lovato).mp3,,,,,,,,,
0.601,0.329,,/Users/lordvile/Documents/Music/Songs/Bottoms Up (Feat. Nicki Minaj).mp3,,,,,,,,,
0.891,0.677,,/Users/lordvile/Documents/Music/Songs/Where Did the Party Go.mp3,,,,,,,,,
0.858,0.491,,/Users/lordvile/Documents/Music/Songs/Simple Plan - Welcome To My Life_2.mp3,,,,,,,,,
0.0672,0.176,,/Users/lordvile/Documents/Music/Songs/Gregory Alan Isakov - If I Go,,,,,,,,,
0.632,0.194,,/Users/lordvile/Documents/Music/Songs/Mako feat. Angel Taylor - Beam (Dannic Mix)  (Official Music Video).mp3,,,,,,,,,
0.679,0.502,,/Users/lordvile/Documents/Music/Songs/No Country For Old Men - Young Men Dead.mp3,,,,,,,,,
0.753,0.498,,/Users/lordvile/Documents/Music/Songs/Ke$ha feat. will.i.am - Crazy Kids - (www.SongsLover.com).mp3,,,,,,,,,
0.726,0.315,,/Users/lordvile/Documents/Music/Songs/Blue Foundation - Eyes On Fire.mp3,,,,,,,,,
0.794,0.543,,/Users/lordvile/Documents/Music/Songs/Mohombi Ft. Shaggy,,,,,,,,,
0.721,0.389,,/Users/lordvile/Documents/Music/Songs/Jack's Mannequin - Casting Lines  (People and Things Short Film).mp3,,,,,,,,,
0.671,0.213,,/Users/lordvile/Documents/Music/Songs/every day im shuffling BY ___ADID.mp3,,,,,,,,,
0.506,0.283,,/Users/lordvile/Documents/Music/Songs/スパークル [original ver.] -Your name. Music Video edition- 予告編 from new album「人間開花」初回盤DVD.mp3,,,,,,,,,
0.915,0.789,,/Users/lordvile/Documents/Music/Songs/Back-In-Time-Pitbull-BIGTIMEBEATS.mp3,,,,,,,,,
0.843,0.394,,/Users/lordvile/Documents/Music/Songs/Morgan Page - Open Heart feat. Lissie [Lyric Video].mp3,,,,,,,,,
0.845,0.761,,/Users/lordvile/Documents/Music/Songs/Keith Urban & Carrie Underwood - The Fighter.mp3,,,,,,,,,
0.651,0.368,,/Users/lordvile/Documents/Music/Songs/Dua Lipa - Be The One.mp3,,,,,,,,,
0.722,0.413,,/Users/lordvile/Documents/Music/Songs/Seven Lions Feat. Ellie Goulding - Dont Leave.mp3,,,,,,,,,
0.791,0.662,,/Users/lordvile/Documents/Music/Songs/Dawin (feat. Silentó) - Dessert(musicbolt.com).mp3,,,,,,,,,
0.936,0.751,,/Users/lordvile/Documents/Music/Songs/Enrique Iglesias - Dirty Dancer (Feat. Usher).mp3,,,,,,,,,
0.61,0.391,,/Users/lordvile/Documents/Music/Songs/Drake - One Dance feat. Kyla & Wizkid (Lyrics).mp3,,,,,,,,,
0.464,0.457,,/Users/lordvile/Documents/Music/Songs/I Don't Mind (feat. Juicy J).mp3,,,,,,,,,
0.894,0.63,,/Users/lordvile/Documents/Music/Songs/Cash Cash - How To Love ft Sofia Reyes (Official Video).mp3,,,,,,,,,
0.796,0.491,,/Users/lordvile/Documents/Music/Songs/Dua Lipa - Blow Your Mind (Mwah).mp3,,,,,,,,,
0.593,0.341,,/Users/lordvile/Documents/Music/Songs/Jack's Mannequin - Hammers and Strings (A Lullaby) Lyrics.mp3,,,,,,,,,
0.525,0.405,,/Users/lordvile/Documents/Music/Songs/Don't Tell 'Em (feat. YG).mp3,,,,,,,,,
0.662,0.365,,/Users/lordvile/Documents/Music/Songs/Whethan - Savage (feat. Flux Pavilion & MAX).mp3,,,,,,,,,
0.858,0.805,,/Users/lordvile/Documents/Music/Songs/last night changed it all.mp3,,,,,,,,,
0.903,0.477,,/Users/lordvile/Documents/Music/Songs/Cash Cash - Take Me Home (ft. Bebe Rexha).mp3,,,,,,,,,
0.753,0.411,,/Users/lordvile/Documents/Music/Songs/NERVO & Wolfpack   Like Air (Official Lyric Video).mp3,,,,,,,,,
0.721,0.356,,/Users/lordvile/Documents/Music/Songs/David Guetta feat. Emeli Sande - What I Did For Love (Extended Mix).mp3,,,,,,,,,
0.831,0.376,,/Users/lordvile/Documents/Music/Songs/In My Mind (Axwell Remix).mp3,,,,,,,,,
0.871,0.0375,,/Users/lordvile/Documents/Music/Songs/DVBBS & Jay Hardway - Voodoo (Original Mix) [Official].mp3,,,,,,,,,
0.703,0.0715,,/Users/lordvile/Documents/Music/Songs/Krale - Frontier (ft. Jasmina Lin & Jay Christopher) [NCS.mp3,,,,,,,,,
0.839,0.516,,/Users/lordvile/Documents/Music/Songs/Alesso - Sweet Escape ft. Sirena.mp3,,,,,,,,,
0.86,0.437,,/Users/lordvile/Documents/Music/Songs/Flo-Rida Ft. Sia - Wild Ones.mp3,,,,,,,,,
0.796,0.392,,/Users/lordvile/Documents/Music/Songs/DEMONS AT THE DOOR by Sleeping Wolf  Youre Not You Film Trailer  Official.mp3,,,,,,,,,
0.557,0.287,,/Users/lordvile/Documents/Music/Songs/Ed Sheeran - All Of The Stars [Official Video].mp3,,,,,,,,,
0.948,0.102,,/Users/lordvile/Documents/Music/Songs/Seconds To Mars - Edge Of The Earth.mp3,,,,,,,,,
0.816,0.816,,/Users/lordvile/Documents/Music/Songs/Luis Fonsi - Despacito ft. Daddy Yankee.mp3,,,,,,,,,
0.859,0.382,,/Users/lordvile/Documents/Music/Songs/pendulum-set_me_on_fire.mp3,,,,,,,,,
0.896,0.711,,/Users/lordvile/Documents/Music/Songs/New Radicals - You Get What You Give with lyrics.mp3,,,,,,,,,
0.785,0.316,,/Users/lordvile/Documents/Music/Songs/Something Corporate-I Wont Make You (lyrics).mp3,,,,,,,,,
0.68,0.76,,/Users/lordvile/Documents/Music/Songs/Nico & Vinz - Am I Wrong.mp3,,,,,,,,,
0.818,0.594,,/Users/lordvile/Documents/Music/Songs/John Dahlback feat. Alexx Mack - Count To Ten (Official Music Video).mp3,,,,,,,,,
0.638,0.574,,/Users/lordvile/Documents/Music/Songs/Kat Dahlia - I Think I'm In Love (Lyrics).mp3,,,,,,,,,
0.672,0.382,,/Users/lordvile/Documents/Music/Songs/G-Eazy Feat. Bebe Rexha - Me,,,,,,,,,
0.855,0.648,,/Users/lordvile/Documents/Music/Songs/Pitbull - International Love (feat. Chris Brown).mp3,,,,,,,,,
0.823,0.418,,/Users/lordvile/Documents/Music/Songs/Calvin Harris - Outside (2014) feat. Ellie Goulding.mp3,,,,,,,,,
0.713,0.69,,/Users/lordvile/Documents/Music/Songs/Mike Posner - In Ibiza (SeeB Remix) (Clean)(musicbolt.com).mp3,,,,,,,,,
0.706,0.144,,/Users/lordvile/Documents/Music/Songs/Alicia Keys - Girl On Fire.mp3,,,,,,,,,
0.758,0.542,,/Users/lordvile/Documents/Music/Songs/Feel This Moment (Ft. Christina Aguilera).mp3,,,,,,,,,
0.923,0.224,,/Users/lordvile/Documents/Music/Songs/Disco Killerz & Liquid Todd feat. Jimmy Gnecco - Stellar (Morgen Page Remix).mp3,,,,,,,,,
0.488,0.51,,/Users/lordvile/Documents/Music/Songs/Queen - We Will Rock You.mp3,,,,,,,,,
0.902,0.521,,/Users/lordvile/Documents/Music/Songs/American Authors - Best Day of My Life.mp3,,,,,,,,,
0.833,0.0733,,/Users/lordvile/Documents/Music/Songs/HEX - Tommy Trash & Wax Motif.mp3,,,,,,,,,
0.442,0.277,,/Users/lordvile/Documents/Music/Songs/Where is My Mind-' by Telepathic Teddy Bear.mp3,,,,,,,,,
0.836,0.664,,/Users/lordvile/Documents/Music/Songs/Pitbull Feat Danny Mercer - Outta Nowhere.mp3,,,,,,,,,
0.957,0.419,,/Users/lordvile/Documents/Music/Songs/Woodkid - Run Boy Run (Official HD Video).mp3,,,,,,,,,
0.431,0.86,,/Users/lordvile/Documents/Music/Songs/Niall Horan - Slow Hands (Audio).mp3,,,,,,,,,
0.658,0.456,,/Users/lordvile/Documents/Music/Songs/Come Together_ - Justice League Music Video.mp3,,,,,,,,,
0.81,0.824,,/Users/lordvile/Documents/Music/Songs/Can't Remember To Forget You (feat. Rihanna).mp3,,,,,,,,,
0.821,0.791,,/Users/lordvile/Documents/Music/Songs/Capital Cities - Safe and Sound .mp3,,,,,,,,,
0.47,0.42,,/Users/lordvile/Documents/Music/Songs/Awolnation - Sail (Unlimited Gravity Dubstep Remix).mp3,,,,,,,,,
0.664,0.446,,/Users/lordvile/Documents/Music/Songs/Above Waves - Simple Things - Official Music Video.mp3,,,,,,,,,
0.872,0.677,,/Users/lordvile/Documents/Music/Songs/Far East Movement - Turn Up The Love ft. Cover Drive.mp3,,,,,,,,,
0.164,0.0361,,/Users/lordvile/Documents/Music/Songs/Civil Twilight -The Courage or the Fall (lyrics in the description).mp3,,,,,,,,,
0.847,0.444,,/Users/lordvile/Documents/Music/Songs/Rihanna - Where Have You Been.mp3,,,,,,,,,
0.414,0.728,,/Users/lordvile/Documents/Music/Songs/Selena Gomez - Bad Liar (Audio).mp3,,,,,,,,,
0.715,0.495,,/Users/lordvile/Documents/Music/Songs/Ghost in The System - Pleasure St.mp3,,,,,,,,,
0.795,0.589,,/Users/lordvile/Documents/Music/Songs/Chris Brown feat. Benny Benassi - Beautiful People.mp3,,,,,,,,,
0.106,0.0342,,/Users/lordvile/Documents/Music/Songs/Alev Lenz  - Fall Into Me.mp3,,,,,,,,,
0.884,0.0706,,/Users/lordvile/Documents/Music/Songs/Hyper Love - Ferry Corsten (ft Nat Dunn) [MUSIC VIDEO] Radio Edit.mp3,,,,,,,,,
0.844,0.941,,/Users/lordvile/Documents/Music/Songs/Enrique Iglesias & Sean Paul & Matt Terry  - Subeme La Radio _English Version_.mp3,,,,,,,,,
0.886,0.78,,/Users/lordvile/Documents/Music/Songs/Lilly Wood & The Prick and Robin Schulz - Prayer In C.mp3,,,,,,,,,
0.949,0.65,,/Users/lordvile/Documents/Music/Songs/Green Day - Give Me Novacaine.mp3,,,,,,,,,
0.318,0.677,,/Users/lordvile/Documents/Music/Songs/George Strait - All my ex's live in Texas (Lyrics).mp3,,,,,,,,,
0.834,0.471,,/Users/lordvile/Documents/Music/Songs/Ed Sheeran - Castle On The Hill.mp3,,,,,,,,,
0.519,0.168,,/Users/lordvile/Documents/Music/Songs/Martin Garrix,,,,,,,,,
0.782,0.827,,/Users/lordvile/Documents/Music/Songs/Macklemore & Ryan Lewis - White Walls.mp3,,,,,,,,,
0.312,0.402,,/Users/lordvile/Documents/Music/Songs/World Spins Madly On - The Weepies (w_lyrics).mp3,,,,,,,,,
0.946,0.534,,/Users/lordvile/Documents/Music/Songs/Honey,,,,,,,,,
0.476,0.139,,/Users/lordvile/Documents/Music/Songs/In the Summertime (Stinson Beach Sessions).mp3,,,,,,,,,
0.908,0.434,,/Users/lordvile/Documents/Music/Songs/Jack's Mannequin - The Mixed Tape [Official Music Video].mp3,,,,,,,,,
0.682,0.474,,/Users/lordvile/Documents/Music/Songs/Green Day - Boulevard Of Broken Dreams.mp3,,,,,,,,,
0.835,0.88,,/Users/lordvile/Documents/Music/Songs/Fort Minor Feat. Styles of Beyond - Remember The Name.mp3,,,,,,,,,
0.743,0.361,,/Users/lordvile/Documents/Music/Songs/How To Save A Life.mp3,,,,,,,,,
0.609,0.304,,/Users/lordvile/Documents/Music/Songs/Flo Rida - Low (feat. T-Pain).mp3,,,,,,,,,
0.724,0.433,,/Users/lordvile/Documents/Music/Songs/Sebastian Ingrosso,,,,,,,,,
0.858,0.23,,/Users/lordvile/Documents/Music/Songs/Rudimental - Sun Comes Up feat. James Arthur [Official Audio].mp3,,,,,,,,,
0.557,0.494,,/Users/lordvile/Documents/Music/Songs/James Arthur - Say You Won't Let Go.mp3,,,,,,,,,
0.909,0.814,,/Users/lordvile/Documents/Music/Songs/Green Day - When I Come Around.mp3,,,,,,,,,
0.712,0.346,,/Users/lordvile/Documents/Music/Songs/Here I Stand feat. Cimo Frankel (.mp3,,,,,,,,,
0.662,0.438,,/Users/lordvile/Documents/Music/Songs/Kygo Feat. Parson James - Now That's What I Call Music 91 - 16 - Stole The Show .mp3,,,,,,,,,
0.899,0.629,,/Users/lordvile/Documents/Music/Songs/Taio_Cruz_-_Break_Your_Heart.mp3,,,,,,,,,
0.982,0.397,,/Users/lordvile/Documents/Music/Songs/Kaiser Chiefs - I Predict A Riot.mp3,,,,,,,,,
0.744,0.605,,/Users/lordvile/Documents/Music/Songs/Don Diablo ft. A R I Z O N A   Take Her Place (Off.mp3,,,,,,,,,
0.636,0.272,,/Users/lordvile/Documents/Music/Songs/Honey,,,,,,,,,
0.831,0.378,,/Users/lordvile/Documents/Music/Songs/Wish You Were Mine (Radio Edit).mp3,,,,,,,,,
0.246,0.0573,,/Users/lordvile/Documents/Music/Songs/Requiem For A Dream Full Song HD.mp3,,,,,,,,,
0.975,0.452,,/Users/lordvile/Documents/Music/Songs/Martin Solveig Feat Dragonette - Hello.mp3,,,,,,,,,
0.857,0.748,,/Users/lordvile/Documents/Music/Songs/Cobra Starship - You Make Me Feel...(feat. Sabi).mp3,,,,,,,,,
0.867,0.869,,/Users/lordvile/Documents/Music/Songs/J Balvin BONITA feat. Jowell & Randy.mp3,,,,,,,,,
0.472,0.135,,/Users/lordvile/Documents/Music/Songs/Explosions in the Sky - The Ecstatics.mp3,,,,,,,,,
0.54,0.154,,/Users/lordvile/Documents/Music/Songs/Above  Beyond feat. Zoe╠ê Johnston Peace Of Mind (Official Lyric Video).mp3,,,,,,,,,
0.839,0.756,,/Users/lordvile/Documents/Music/Songs/Machine.Gun.Kelly.Ft.Hailee.Steinfeld.At.My.Best-TDG.mp3,,,,,,,,,
0.622,0.544,,/Users/lordvile/Documents/Music/Songs/Zedd Alessia Cara - Stay (Lyric Video).mp3,,,,,,,,,
0.906,0.674,,/Users/lordvile/Documents/Music/Songs/Galantis & Hook N Sling - Love On Me (Official Video).mp3,,,,,,,,,
0.838,0.646,,/Users/lordvile/Documents/Music/Songs/Gym class heroes Ass back home.mp3,,,,,,,,,
0.911,0.619,,/Users/lordvile/Documents/Music/Songs/Destiny's Child - Survivor (Official Video) ft. Da Brat.mp3,,,,,,,,,
0.912,0.302,,/Users/lordvile/Documents/Music/Songs/Thirty Seconds To Mars - Love Is Madness (Lyrics) ft. Halsey.mp3,,,,,,,,,
0.409,0.187,,/Users/lordvile/Documents/Music/Songs/J Cole - Deja Vu Lyrics (Official Lyrics).mp3,,,,,,,,,
0.407,0.161,,/Users/lordvile/Documents/Music/Songs/Christina Perri - A Thousand Years.mp3,,,,,,,,,
0.763,0.742,,/Users/lordvile/Documents/Music/Songs/Clean Bandit - Rockabye ft. Sean Paul & Anne-Marie [Official Video].mp3,,,,,,,,,
0.681,0.745,,/Users/lordvile/Documents/Music/Songs/Rusted Root - Send Me On My Way.mp3,,,,,,,,,
0.782,0.393,,/Users/lordvile/Documents/Music/Songs/Ground Control (feat. Tegan and Sara).mp3,,,,,,,,,
0.915,0.789,,/Users/lordvile/Documents/Music/Songs/Pit.bull - Back In Time.mp3,,,,,,,,,
0.98,0.478,,/Users/lordvile/Documents/Music/Songs/LOST IN THE ECHO (Instrumental) (Mp3Goo.com).mp3,,,,,,,,,
0.658,0.693,,/Users/lordvile/Documents/Music/Songs/Jax Jones - You Dont Know Me ft. RAYE.mp3,,,,,,,,,
0.871,0.304,,/Users/lordvile/Documents/Music/Songs/Cash Cash - All My Love (feat. Conor Maynard) [Official Lyric Video].mp3,,,,,,,,,
0.797,0.492,,/Users/lordvile/Documents/Music/Songs/Major Lazer - Cold Water (feat. Justin Bieber & M├ÿ) (Official Lyric Video).mp3,,,,,,,,,
0.698,0.0833,,/Users/lordvile/Documents/Music/Songs/Yuna - Lullabies (Adventure Club Remix).mp3,,,,,,,,,
0.607,0.28,,/Users/lordvile/Documents/Music/Songs/Tom Leeb - Are We Too Late.mp3,,,,,,,,,
0.256,0.635,,/Users/lordvile/Documents/Music/Songs/Jim Croce - Time in a bottle - 1973.mp3,,,,,,,,,
0.832,0.441,,/Users/lordvile/Documents/Music/Songs/Betty Who - All of You.mp3,,,,,,,,,
0.858,0.591,,/Users/lordvile/Documents/Music/Songs/Pound The Alarm (Explicit Edit).mp3,,,,,,,,,
0.766,0.604,,/Users/lordvile/Documents/Music/Songs/Jack's Mannequin - Amelia Jean (People and Things Short Film).mp3,,,,,,,,,
0.745,0.872,,/Users/lordvile/Documents/Music/Songs/Calvin Harris - Feels (Official Video) ft. Pharrell Williams,,,,,,,,,
0.686,0.444,,/Users/lordvile/Documents/Music/Songs/Jennifer Lopez Ft Pitbull - Dance Again.mp3,,,,,,,,,
0.9,0.558,,/Users/lordvile/Documents/Music/Songs/Taio Cruz - Higher (feat. Travie McCoy).mp3,,,,,,,,,
0.908,0.351,,/Users/lordvile/Documents/Music/Songs/Switchfoot - Dare You To Move (Alt. Version).mp3,,,,,,,,,
0.837,0.778,,/Users/lordvile/Documents/Music/Songs/Far East Movement ft. The Cataracs & Dev - Like A G6.mp3,,,,,,,,,
0.55,0.234,,/Users/lordvile/Documents/Music/Songs/Doors Down - Here Without You (Lyrics).mp3,,,,,,,,,
0.641,0.639,,/Users/lordvile/Documents/Music/Songs/Jerry Honigman - By the Way.mp3,,,,,,,,,
0.913,0.536,,/Users/lordvile/Documents/Music/Songs/Calvin Harris - My Way (Official Video).mp3,,,,,,,,,
0.409,0.0361,,/Users/lordvile/Documents/Music/Songs/John Murphy - Sunshine (Adagio In D Minor).mp3,,,,,,,,,
0.729,0.84,,/Users/lordvile/Documents/Music/Songs/Who's Loving You (Copy Paste S Re.mp3,,,,,,,,,
0.446,0.413,,/Users/lordvile/Documents/Music/Songs/Beyonce - Wishing On A Star.mp3,,,,,,,,,
0.65,0.481,,/Users/lordvile/Documents/Music/Songs/Gone Gone Gone - Phillip Phillips - Lyrics.mp3,,,,,,,,,
0.519,0.168,,/Users/lordvile/Documents/Music/Songs/Martin Garrix Bebe Rexha - In The Name Of Love.mp3,,,,,,,,,
0.588,0.384,,/Users/lordvile/Documents/Music/Songs/Hailee+Steinfeld+-+Most+Girls+(Audio).mp3,,,,,,,,,
0.801,0.794,,/Users/lordvile/Documents/Music/Songs/Rita Ora - I Will Never Let You Down.mp3,,,,,,,,,
0.863,0.432,,/Users/lordvile/Documents/Music/Songs/Won't Look Back - Duke Dumont.mp3,,,,,,,,,
0.926,0.576,,/Users/lordvile/Documents/Music/Songs/Fall Out Boy - Death Valley.mp3,,,,,,,,,
0.639,0.675,,/Users/lordvile/Documents/Music/Songs/Burak Yeter - Tuesday ft. Danelle Sandoval.mp3,,,,,,,,,
0.584,0.677,,/Users/lordvile/Documents/Music/Songs/Milky Chance - Stolen Dance (Album Version).mp3,,,,,,,,,
0.879,0.83,,/Users/lordvile/Documents/Music/Songs/Ariana Grande - The Way ft. Mac Miller.mp3,,,,,,,,,
0.185,0.181,,/Users/lordvile/Documents/Music/Songs/Finding Hope - Loveless (Lyric Video).mp3,,,,,,,,,
0.765,0.86,,/Users/lordvile/Documents/Music/Songs/Just Water - What We Need Is Some Rock - 1975 Version.mp3,,,,,,,,,
0.835,0.88,,/Users/lordvile/Documents/Music/Songs/Fort Minor - Remember The Name (feat. Styles Of Beyond).mp3,,,,,,,,,
0.41,0.112,,/Users/lordvile/Documents/Music/Songs/The Tunnels - We Are Infinite.mp3,,,,,,,,,
0.721,0.393,,/Users/lordvile/Documents/Music/Songs/Fat Joe & Remy Ma feat. French Montana - All The Way Up.mp3,,,,,,,,,
0.803,0.233,,/Users/lordvile/Documents/Music/Songs/David Guetta feat. Sia - Titanium (feat. Sia).mp3,,,,,,,,,
0.763,0.742,,/Users/lordvile/Documents/Music/Songs/Clean_Bandit_-_Rockabye_ft_Sean_Paul_Anne-Marie_Official_Video[GreenMP3.com].mp3,,,,,,,,,
0.694,0.576,,/Users/lordvile/Documents/Music/Songs/Zedd Feat. Bright Lights - Follow You Down.mp3,,,,,,,,,
0.927,0.549,,/Users/lordvile/Documents/Music/Songs/Locash - I Love This Life.mp3,,,,,,,,,
0.816,0.678,,/Users/lordvile/Documents/Music/Songs/Once upon a time in America ♫ - 08 Cockeyes song.mp3,,,,,,,,,
0.702,0.284,,/Users/lordvile/Documents/Music/Songs/Ariana Grande - Break Free ft. Zedd.mp3,,,,,,,,,
0.796,0.251,,/Users/lordvile/Documents/Music/Songs/Brooke Candy - Living Out Loud (Lyric Video) ft. Sia.mp3,,,,,,,,,
0.942,0.703,,/Users/lordvile/Documents/Music/Songs/Social Distortion- Ring of Fire.mp3,,,,,,,,,
0.704,0.255,,/Users/lordvile/Documents/Music/Songs/Faul & Wad Ad,,,,,,,,,
0.803,0.221,,/Users/lordvile/Documents/Music/Songs/Kanye West - All Of The Lights ft. John Legend,,, Tony Williams, Charlie Wilson, Elly Jackson, Alicia Keys, Fergie, KiD CuDi,Rihanna & Elton John_Tags_5S.mp3
0.654,0.193,,/Users/lordvile/Documents/Music/Songs/Gwen Stefani - Used To Love You.mp3,,,,,,,,,
0.883,0.448,,/Users/lordvile/Documents/Music/Songs/You're Gone - Something Corporate lyrics.mp3,,,,,,,,,
0.912,0.302,,/Users/lordvile/Documents/Music/Songs/Thirty Seconds To Mars - Live Like A Dream (Lyrics Video).mp3,,,,,,,,,
0.76,0.421,,/Users/lordvile/Documents/Music/Songs/Illenium feat. Joni Fatora - Fortress.mp3,,,,,,,,,
0.77,0.298,,/Users/lordvile/Documents/Music/Songs/Clean Bandit -  Tears ft. Louisa Johnson [Official Video].mp3,,,,,,,,,
0.71,0.965,,/Users/lordvile/Documents/Music/Songs/Foster The People - Pumped up Kicks.mp3,,,,,,,,,
0.832,0.7,,/Users/lordvile/Documents/Music/Songs/JUSTIN TIMBERLAKE - CANT STOP THIS FEELING (Mp3FB.com).mp3,,,,,,,,,
0.665,0.957,,/Users/lordvile/Documents/Music/Songs/I Got You ÔÇö feat. K.J. Apa Hayley Law  Riverdale 1x06 Sondtrack [HD].mp3,,,,,,,,,
0.588,0.637,,/Users/lordvile/Documents/Music/Songs/Queens Of The Stone Age - No One Knows.mp3,,,,,,,,,
0.967,0.336,,/Users/lordvile/Documents/Music/Songs/pendulum-salt_in_the_wounds.mp3,,,,,,,,,
0.694,0.581,,/Users/lordvile/Documents/Music/Songs/Chris Brown - Look At Me Now (Feat. Lil Wayne & Busta Rhyme) - NewJams.net.mp3,,,,,,,,,
0.133,0.118,,/Users/lordvile/Documents/Music/Songs/Phyllis Taylor Sparks - Nearer My God To Thee.mp3,,,,,,,,,
0.459,0.697,,/Users/lordvile/Documents/Music/Songs/Ol' Dirty Bastard - Got Your Money (feat. Kelis).mp3,,,,,,,,,
0.744,0.547,,/Users/lordvile/Documents/Music/Songs/Morgan Page feat. Lissie - Don't Give Up (Official Lyric Video).mp3,,,,,,,,,
0.564,0.505,,/Users/lordvile/Documents/Music/Songs/filous - How Hard I Try feat. James Hersey (Official Video).mp3,,,,,,,,,
0.903,0.477,,/Users/lordvile/Documents/Music/Songs/Cash Cash - Take Me Home ft Bebe Rexha [Official Video].mp3,,,,,,,,,
0.387,0.283,,/Users/lordvile/Documents/Music/Songs/Hunter Hayes - Storyline (Official Audio).mp3,,,,,,,,,
0.827,0.553,,/Users/lordvile/Documents/Music/Songs/Jack's Mannequin - Hostage  (People and Things Short Film).mp3,,,,,,,,,
0.28,0.175,,/Users/lordvile/Documents/Music/Songs/The Sound of Silence (Original Version from 1964).mp3,,,,,,,,,
0.836,0.715,,/Users/lordvile/Documents/Music/Songs/Fitz and the Tantrums - HandClap [Official Video].mp3,,,,,,,,,
0.72,0.175,,/Users/lordvile/Documents/Music/Songs/Something Corporate - Me And The Moon.mp3,,,,,,,,,
0.931,0.81,,/Users/lordvile/Documents/Music/Songs/Jack's Mannequin - Release Me  (People and Things Short Film).mp3,,,,,,,,,
0.727,0.359,,/Users/lordvile/Documents/Music/Songs/LMFAO - Party Rock Anthem - ( Ft. Lauren Bennett and GoonRock ).mp3,,,,,,,,,
0.808,0.299,,/Users/lordvile/Documents/Music/Songs/Foxes_-_Let_Go_For_Tonight.mp3,,,,,,,,,
0.647,0.21,,/Users/lordvile/Documents/Music/Songs/Bad Blood (feat. Kendrick Lamar).mp3,,,,,,,,,
0.815,0.636,,/Users/lordvile/Documents/Music/Songs/Robin Schulz - Sugar (feat. Francesco Yates).mp3,,,,,,,,,
0.348,0.0886,,/Users/lordvile/Documents/Music/Songs/Jar of Hearts - Christina Perri Lyrics.mp3,,,,,,,,,
0.94,0.746,,/Users/lordvile/Documents/Music/Songs/Jack's Mannequin - People,,,,,,,,,
0.697,0.225,,/Users/lordvile/Documents/Music/Songs/David Guetta feat. Sam Martin - Dangerous.mp3,,,,,,,,,
0.793,0.647,,/Users/lordvile/Documents/Music/Songs/Sean Paul ft. Alexis Jordan - Touch The Sky.mp3,,,,,,,,,
0.976,0.682,,/Users/lordvile/Documents/Music/Songs/Aero Chord - Ctrl Alt Destruction [FREE DL].mp3,,,,,,,,,
0.916,0.803,,/Users/lordvile/Documents/Music/Songs/Galantis - No Money (Official Video).mp3,,,,,,,,,
0.635,0.223,,/Users/lordvile/Documents/Music/Songs/Ellie Goulding - Army (Explicit)(musicbolt.com).mp3,,,,,,,,,
0.773,0.385,,/Users/lordvile/Documents/Music/Songs/Jack's Mannequin - Hey Hey Hey (People and Things Short Film).mp3,,,,,,,,,
0.817,0.617,,/Users/lordvile/Documents/Music/Songs/Bring Me The Horizon - Follow You (Official Video).mp3,,,,,,,,,
0.904,0.681,,/Users/lordvile/Documents/Music/Songs/Panic! At The Disco - Emperor's New Clothes.mp3,,,,,,,,,
0.387,0.283,,/Users/lordvile/Documents/Music/Songs/Hunter Hayes - Storyline Official Audio.mp3,,,,,,,,,
0.794,0.702,,/Users/lordvile/Documents/Music/Songs/Major Lazer - Powerful (feat. Ellie Goulding & Tarrus Riley).mp3,,,,,,,,,
0.655,0.531,,/Users/lordvile/Documents/Music/Songs/Wiz Khalifa & Snoop Dogg - Young,,,,,,,,,
0.483,0.396,,/Users/lordvile/Documents/Music/Songs/Matt Terry - When Christmas Comes Around (Official Video).mp3,,,,,,,,,
0.623,0.667,,/Users/lordvile/Documents/Music/Songs/Don't Forget Me - The Head And The Heart.mp3,,,,,,,,,
0.793,0.641,,/Users/lordvile/Documents/Music/Songs/Jack's Mannequin - Dear Jack [HQ] (With Lyrics).mp3,,,,,,,,,
0.176,0.438,,/Users/lordvile/Documents/Music/Songs/Tenenbaum - The Paper Kites (lyrics).mp3,,,,,,,,,
0.569,0.501,,/Users/lordvile/Documents/Music/Songs/Jon Bellion - All Time Low (Video).mp3,,,,,,,,,
0.988,0.769,,/Users/lordvile/Documents/Music/Songs/Green Day American Idiot (Mp3Goo.com).mp3,,,,,,,,,
0.394,0.719,,/Users/lordvile/Documents/Music/Songs/Another Brick In The Wall.mp3,,,,,,,,,
0.226,0.178,,/Users/lordvile/Documents/Music/Songs/Boku Dake ga Inai Machi (ERASED) Full OP 僕だけがいない街- Re-Re- - Drum Cover.mp3,,,,,,,,,
0.884,0.254,,/Users/lordvile/Documents/Music/Songs/Labrinth Feat. Tinie Tempah - Earthquake ( 2o11 ) [ www.MzHipHop.com ].mp3,,,,,,,,,
0.861,0.346,,/Users/lordvile/Documents/Music/Songs/Ten Feet Tall (feat. Wrabel).mp3,,,,,,,,,
0.819,0.566,,/Users/lordvile/Documents/Music/Songs/FloRida_-_Good_Feeling_(feat._Christina_Aguilera).mp3,,,,,,,,,
0.56,0.204,,/Users/lordvile/Documents/Music/Songs/Only One ft. Nina Sung [Proximity Release].mp3,,,,,,,,,
0.831,0.692,,/Users/lordvile/Documents/Music/Songs/Tritonal - Out My Mind feat. Riley Clemmons (Official Music Video).mp3,,,,,,,,,
0.906,0.674,,/Users/lordvile/Documents/Music/Songs/Galantis & Hook N Sling - Love On Me.mp3,,,,,,,,,
0.878,0.558,,/Users/lordvile/Documents/Music/Songs/Hunter Hayes - I Want Crazy (Official Music Video).mp3,,,,,,,,,
0.657,0.323,,/Users/lordvile/Documents/Music/Songs/Marlon Roudette - When The Beat Drops Out Lyrics (On Screen) [HQ].mp3,,,,,,,,,
0.615,0.508,,/Users/lordvile/Documents/Music/Songs/Hailee Steinfeld,,,,,,,,,
0.714,0.24,,/Users/lordvile/Documents/Music/Songs/Ariana_Grande,,,,,,,,,
0.851,0.395,,/Users/lordvile/Documents/Music/Songs/Black Eyed Peas - Boom Boom Pow (2009).mp3,,,,,,,,,
0.815,0.664,,/Users/lordvile/Documents/Music/Songs/Jess Glynne - Don't Be So Hard On Yourself [Official].mp3,,,,,,,,,
0.403,0.338,,/Users/lordvile/Documents/Music/Songs/Carly Simon - Nobody Does It Better - The Spy Who Loved Me.mp3,,,,,,,,,
0.869,0.457,,/Users/lordvile/Documents/Music/Songs/Sword Art Online 2 - IGNITE (English Cover).mp3,,,,,,,,,
0.845,0.357,,/Users/lordvile/Documents/Music/Songs/Far East Movement - Rocketeer (Feat. Ryan Tedder).mp3,,,,,,,,,
0.837,0.445,,/Users/lordvile/Documents/Music/Songs/Audien - Something Better (Audio) ft. Lady Antebellum.mp3,,,,,,,,,
0.742,0.546,,/Users/lordvile/Documents/Music/Songs/MAGIC!   Darts In The Dark (Audio).mp3,,,,,,,,,
0.907,0.226,,/Users/lordvile/Documents/Music/Songs/Yellow Claw - Shotgun ft. Rochelle (Official Music Video).mp3,,,,,,,,,
0.632,0.355,,/Users/lordvile/Documents/Music/Songs/Rae Sremmurd - Black Beatles ft. Gucci Mane.mp3,,,,,,,,,
0.814,0.459,,/Users/lordvile/Documents/Music/Songs/Hailee Steinfeld,,,,,,,,,
0.629,0.457,,/Users/lordvile/Documents/Music/Songs/Clean Bandit - Symphony feat. Zara Larsson [Official Video].mp3,,,,,,,,,
0.956,0.47,,/Users/lordvile/Documents/Music/Songs/Seconds Of Summer - She Looks So Perfect.mp3,,,,,,,,,
0.373,0.514,,/Users/lordvile/Documents/Music/Songs/Jack's Mannequin - Restless Dream (People and Things Short Film).mp3,,,,,,,,,
0.824,0.852,,/Users/lordvile/Documents/Music/Songs/Britney Spears - Work Bitch (Audio).mp3,,,,,,,,,
0.705,0.45,,/Users/lordvile/Documents/Music/Songs/Britney Spears - Till The World Ends.mp3,,,,,,,,,
0.865,0.61,,/Users/lordvile/Documents/Music/Songs/Arcade Fire - Everything Now (Official Video).mp3,,,,,,,,,
0.127,0.0327,,/Users/lordvile/Documents/Music/Songs/OBLIVION - Im Sending You Away by M83.mp3,,,,,,,,,
0.407,0.161,,/Users/lordvile/Documents/Music/Songs/Christina Perri - A Thousand Years [Official Music Video].mp3,,,,,,,,,
0.546,0.36,,/Users/lordvile/Documents/Music/Songs/More Than Gravity (original) - Colin  Caroline on iTunes.mp3,,,,,,,,,
0.31,0.248,,/Users/lordvile/Documents/Music/Songs/Lewisham & Greenwich NHS Choir - A Bridge Over You(musicbolt.com).mp3,,,,,,,,,
0.924,0.567,,/Users/lordvile/Documents/Music/Songs/Save Rock and Roll (feat. Elton J.mp3,,,,,,,,,
0.606,0.275,,/Users/lordvile/Documents/Music/Songs/Ellie Goulding - Love Me Like You Do.mp3,,,,,,,,,
0.844,0.239,,/Users/lordvile/Documents/Music/Songs/Andrew McMahon in the Wilderness - All Our Lives [AUDIO].mp3,,,,,,,,,
0.706,0.843,,/Users/lordvile/Documents/Music/Songs/The Black Eyed Peas Rock Your Body.mp3,,,,,,,,,
0.637,0.565,,/Users/lordvile/Documents/Music/Songs/Ed Sheeran- Lego House (LYRICS ON SCREEN).mp3,,,,,,,,,
0.815,0.353,,/Users/lordvile/Documents/Music/Songs/Sigma - Changing (feat. Paloma Faith).mp3,,,,,,,,,
0.683,0.466,,/Users/lordvile/Documents/Music/Songs/ADELE - Set Fire To the Rain (Live At the Royal Albert Hall).mp3,,,,,,,,,
0.607,0.166,,/Users/lordvile/Documents/Music/Songs/Alan Walker - Sing Me To Sleep.mp3,,,,,,,,,
0.954,0.382,,/Users/lordvile/Documents/Music/Songs/Jack's Mannequin - Dark Blue (Video).mp3,,,,,,,,,
0.726,0.527,,/Users/lordvile/Documents/Music/Songs/Iggy Azalea - Black Widow ft. Rita.mp3,,,,,,,,,
0.28,0.175,,/Users/lordvile/Documents/Music/Songs/Disturbed - The Sound Of Silence.mp3,,,,,,,,,
0.497,0.542,,/Users/lordvile/Documents/Music/Songs/Liam Payne - Strip That Down ft. Quavo (Lyric Video) ft. Quavo.mp3,,,,,,,,,
0.521,0.178,,/Users/lordvile/Documents/Music/Songs/Snakehips Feat. Tinashe & Chance The Rapper - All My Friends.mp3,,,,,,,,,
0.00805,0.0362,,/Users/lordvile/Documents/Music/Songs/Angelo Milli Seven Pounds - 14. Requiem.mp3,,,,,,,,,
0.844,0.239,,/Users/lordvile/Documents/Music/Songs/Andrew McMahon in the Wilderness - Rainy Girl (Shabby Road Sessions).mp3,,,,,,,,,
0.561,0.438,,/Users/lordvile/Documents/Music/Songs/Green Day - See You Tonight.mp3,,,,,,,,,
0.881,0.468,,/Users/lordvile/Documents/Music/Songs/Elephante ft. RUMORS - I Want You [Premiere].mp3,,,,,,,,,
0.786,0.475,,/Users/lordvile/Documents/Music/Songs/David Guetta - Turn Me On ft. Nicki Minaj.mp3,,,,,,,,,
0.954,0.882,,/Users/lordvile/Documents/Music/Songs/Green Day- Kill The DJ (Mp3Goo.com).mp3,,,,,,,,,
0.94,0.255,,/Users/lordvile/Documents/Music/Songs/I'm Not Okay (I Promise).mp3,,,,,,,,,
0.847,0.501,,/Users/lordvile/Documents/Music/Songs/Don Diablo & Steve Aoki x Lush & Simon - What We Started ft. BullySongs (Official Music Video).mp3,,,,,,,,,
0.304,0.147,,/Users/lordvile/Documents/Music/Songs/Bon Iver - Holocene (Official Music Video).mp3,,,,,,,,,
0.612,0.477,,/Users/lordvile/Documents/Music/Songs/David Guetta - Without You ft. Usher (Official Video).mp3,,,,,,,,,
0.724,0.309,,/Users/lordvile/Documents/Music/Songs/Diplo - Revolution (feat. Faustix & Imanos and Kai) [Official Music Video].mp3,,,,,,,,,
0.776,0.622,,/Users/lordvile/Documents/Music/Songs/sean_paul-she_doesnt_mind-kopie.mp3,,,,,,,,,
0.685,0.207,,/Users/lordvile/Documents/Music/Songs/Mike Posner - Be As You Are (Jordan XL Remix).mp3,,,,,,,,,
0.912,0.302,,/Users/lordvile/Documents/Music/Songs/Thirty Seconds To Mars - Rider (Lyrics).mp3,,,,,,,,,
0.915,0.365,,/Users/lordvile/Documents/Music/Songs/david_guetta_feat._zara_larsson_-_this_one's_for_you-(official_song_uefa_euro_2016)-web-2016-single.mp3,,,,,,,,,
0.496,0.539,,/Users/lordvile/Documents/Music/Songs/No Guarantees (Stinson Beach Sessions).mp3,,,,,,,,,
0.765,0.737,,/Users/lordvile/Documents/Music/Songs/Gwen Stefani - The Sweet Escape (Feat. Akon).mp3,,,,,,,,,
0.639,0.385,,/Users/lordvile/Documents/Music/Songs/I Never Told You What I Do For A Living.mp3,,,,,,,,,
0.275,0.18,,/Users/lordvile/Documents/Music/Songs/gnash - i hate u,,,,,,,,,
0.815,0.765,,/Users/lordvile/Documents/Music/Songs/Katy Perry - Last Friday Night (T.G.I.F.).mp3,,,,,,,,,
0.617,0.603,,/Users/lordvile/Documents/Music/Songs/Camila Cabello - Crying in the Club.mp3,,,,,,,,,
0.907,0.587,,/Users/lordvile/Documents/Music/Songs/Just One Yesterday (feat. Foxes).mp3,,,,,,,,,
0.841,0.643,,/Users/lordvile/Documents/Music/Songs/Chris Brown - Turn Up The Music.mp3,,,,,,,,,
0.613,0.47,,/Users/lordvile/Documents/Music/Songs/Charlie Puth - One Call Away(musicbolt.com).mp3,,,,,,,,,
0.748,0.356,,/Users/lordvile/Documents/Music/Songs/Heroes (We Could Be) [feat. Tov.mp3,,,,,,,,,
0.719,0.168,,/Users/lordvile/Documents/Music/Songs/You're the best thing in my life.. -.mp3,,,,,,,,,
0.894,0.213,,/Users/lordvile/Documents/Music/Songs/John Newman - Love Me Again.mp3,,,,,,,,,
0.701,0.254,,/Users/lordvile/Documents/Music/Songs/DJ Snake - Middle ft. Bipolar Sunshine.mp3,,,,,,,,,
0.912,0.302,,/Users/lordvile/Documents/Music/Songs/Thirty Seconds To Mars - City Of Angels (Lyric Video).mp3,,,,,,,,,
0.882,0.875,,/Users/lordvile/Documents/Music/Songs/Calvin Harris Ft. Ne-Yo - Lets Go.mp3,,,,,,,,,
0.733,0.416,,/Users/lordvile/Documents/Music/Songs/Florence + The Machine - Now That's What I Call Music 91 - 21 - Ship To Wreck.mp3,,,,,,,,,
0.929,0.658,,/Users/lordvile/Documents/Music/Songs/Swedish House Mafia - Miami 2 Ibiza Extended.mp3,,,,,,,,,
0.926,0.54,,/Users/lordvile/Documents/Music/Songs/Zedd,,,,,,,,,
0.663,0.286,,/Users/lordvile/Documents/Music/Songs/Story of My Life - One Direction.mp3,,,,,,,,,
0.898,0.599,,/Users/lordvile/Documents/Music/Songs/Afrojack - The Spark (feat. Spree Wilson).mp3,,,,,,,,,
0.626,0.538,,/Users/lordvile/Documents/Music/Songs/The Cataracs - All You (feat. Waka Flacka).mp3,,,,,,,,,
0.608,0.393,,/Users/lordvile/Documents/Music/Songs/Lost Frequencies - Are You With Me.mp3,,,,,,,,,
0.706,0.843,,/Users/lordvile/Documents/Music/Songs/The Black Eyed Peas - Dont Stop The Party.mp3,,,,,,,,,
0.592,0.564,,/Users/lordvile/Documents/Music/Songs/Jonas Blue Feat. Dakota - Fast Car(musicbolt.com).mp3,,,,,,,,,
0.915,0.365,,/Users/lordvile/Documents/Music/Songs/David Guetta  - This Ones For You  (UEFA EURO 2016) ft. Zara Larss.mp3,,,,,,,,,
0.778,0.355,,/Users/lordvile/Documents/Music/Songs/Boombox Cartel - Colors ft. Grabbitz.mp3,,,,,,,,,
0.706,0.843,,/Users/lordvile/Documents/Music/Songs/Black Eyed Peas - The Time (The Dirty Bit).mp3,,,,,,,,,
0.838,0.646,,/Users/lordvile/Documents/Music/Songs/Gym Class Heroes - Back Home.mp3,,,,,,,,,
0.945,0.282,,/Users/lordvile/Documents/Music/Songs/pendulum-immunize_(feat_liam_howlett).mp3,,,,,,,,,
0.929,0.59,,/Users/lordvile/Documents/Music/Songs/Green Day - Jesus Of Suburbia (Mp3Goo.com).mp3,,,,,,,,,
0.12,0.382,,/Users/lordvile/Documents/Music/Songs/Shot me Down (feat. Skylar Grey).mp3,,,,,,,,,
0.932,0.374,,/Users/lordvile/Documents/Music/Songs/Steve Aoki & Louis Tomlinson - Just Hold On (Cover Art).mp3,,,,,,,,,
0.868,0.72,,/Users/lordvile/Documents/Music/Songs/Sigala,,,,,,,,,
0.805,0.737,,/Users/lordvile/Documents/Music/Songs/Yolanda Be Cool feat B Dcup - We No Speak Americano.mp3,,,,,,,,,
0.69,0.81,,/Users/lordvile/Documents/Music/Songs/STRFKR - While I'm Alive [OFFICIAL MUSIC VIDEO].mp3,,,,,,,,,
0.253,0.32,,/Users/lordvile/Documents/Music/Songs/Winter Song- The Head and the Heart.mp3,,,,,,,,,
0.824,0.613,,/Users/lordvile/Documents/Music/Songs/Thank You For The Venom.mp3,,,,,,,,,
0.713,0.297,,/Users/lordvile/Documents/Music/Songs/Zara Larsson - I Would Like (Lyric Video).mp3,,,,,,,,,
0.913,0.674,,/Users/lordvile/Documents/Music/Songs/You Know What They Do To Guys Like Us In Prison.mp3,,,,,,,,,
0.852,0.324,,/Users/lordvile/Documents/Music/Songs/Something Corporate - I want to save you.mp3,,,,,,,,,
0.927,0.887,,/Users/lordvile/Documents/Music/Songs/The Ting Tings - Shut Up and Let Me Go.mp3,,,,,,,,,